"","solID","mape","decomp.rssd","nrmse","nrmse_train","GADS_shapes","YT_shapes","META_shapes","RADIO_shapes","RADIO2_shapes","TV_shapes","TV2_shapes","GADS_scales","YT_scales","META_scales","RADIO_scales","RADIO2_scales","TV_scales","TV2_scales","GADS_alphas","YT_alphas","META_alphas","RADIO_alphas","RADIO2_alphas","TV_alphas","TV2_alphas","GADS_gammas","YT_gammas","META_gammas","RADIO_gammas","RADIO2_gammas","TV_gammas","TV2_gammas","cluster","n","top_sol"
"1","1_209_7",0,0.255750617662729,0.0947214939729802,0.0947214939729802,0.510636273089261,0.602775423910248,0.192241796387228,0.0572470083434751,0.990169322856122,0.92675292726825,0.451512216941336,0.833384253839945,0.209508856826276,0.581724241633926,0.943204494816491,0.827882962629223,0.505011839907559,0.627104587002511,0.31809974261068,0.566008959960033,0.440795201295943,0.959304520771498,0.729861904426722,0.574604804866923,0.620726605217243,0.566973015015473,1,0.30623387905486,0.835208741716676,0.945460000377773,0.320131511712934,0.377928276553303,3,31,FALSE
"2","1_214_2",0,0.255226874205595,0.0947237095749047,0.0947237095749047,0.510636273089261,0.602775423910248,0.192241796387228,0.0572470083434751,0.847275114264962,0.92675292726825,0.451512216941336,0.833384253839945,0.209508856826276,0.581724241633926,0.943204494816491,1,0.505011839907559,0.627104587002511,0.31809974261068,0.566008959960033,0.440795201295943,0.959304520771498,0.729609625898516,0.574604804866923,0.620726605217243,0.566973015015473,1,0.30623387905486,0.835208741716676,0.656769434430962,0.320131511712934,0.377928276553303,3,31,FALSE
"3","1_218_4",0,0.245050501052895,0.0948113605445002,0.0948113605445002,0.510636273089261,0.602775423910248,0.309555851436184,0.0305129708499095,0.990169322856122,0.92675292726825,0.451512216941336,0.833384253839945,0.209508856826276,0.581724241633926,0.943306455749716,0.827882962629223,0.505011839907559,0.627104587002511,0.31809974261068,0.566008959960033,0.440795201295943,0.967974661092809,0.710883074692643,0.574604804866923,0.620726605217243,0.566973015015473,1,0.30623387905486,0.948053662883832,0.603546835953237,0.320131511712934,0.377928276553303,3,31,TRUE
"4","1_244_2",0,0.271733178877997,0.0947433428442552,0.0947433428442552,0.510636273089261,0.602775423910248,0.309555851436184,0.0305129708499095,0.724183633618041,0.855909841246812,0.451512216941336,0.833384253839945,0.209508856826276,0.581724241633926,0.943306455749716,0.827882962629223,0.193834923193088,0.627104587002511,0.31809974261068,0.566008959960033,0.440795201295943,0.967974661092809,0.710883074692643,0.21854670038016,0.774312313700006,0.566973015015473,1,0.30623387905486,0.948053662883832,0.603546835953237,0.236447605341346,0.377928276553303,3,31,FALSE
"5","1_260_5",0,0.366359949074131,0.0916269948382924,0.0916269948382924,0.0361938647465229,0.395881420518146,0.392136029959721,0.0795625430419518,0.699767920529788,0.82214977145879,0.399014588040397,0.740746885142887,0.925933382970663,0.242663059188361,0.369287038289882,0.362812519671922,0.223946291673537,0.563422682047715,0.595230752702285,0.176091919194882,0.871431779354979,0.631246059806174,0.582511589231004,0.0943274788576538,0.796990244202756,0.0481958978443493,0.863772261491617,0.438008843264504,0.227785731657978,0.927929916767028,0.262052188330984,0.0878914161813746,2,53,FALSE
"6","1_279_7",0,0.285815088491731,0.0936199852324883,0.0936199852324883,0.551196226743781,0.381765420460919,0.0235251866882739,0.0427302846855638,0.867401267702357,0.938257338700879,0.0443884980688884,0.840685271771422,0.0738300349751575,0.204433972790857,0.145506460138442,0.747545698978397,0.31693028914085,0.74676976681438,0.257735703210397,0.735931865547181,0.467769691129759,0.757326782870866,0.76422665769577,0.619375174625336,0.834840443973161,0.401210743025514,0.722944359559098,0.546810818426665,0.891199442250722,0.681019992548796,0.24897376269214,0.089104656391133,3,31,FALSE
"7","1_298_5",0,0.269734981286175,0.0944263304829223,0.0944263304829223,0.408586104776328,0.653437242739691,0.0192483092900031,0.00630210606417646,0.803110680908404,0.953010423282271,0.392846271586733,0.804167220873518,0.320935557332171,0.671188781259455,0.745756702624345,0.699504629919488,0.721007985127347,1,0.449910466904315,0.491385714919778,0.60816730916674,0.978369334723433,0.689246989514566,0.923680801028815,0.432435892280567,0.509326256819601,0.926614311655604,0.38646010152338,0.966516910809689,0.324870621770683,0.324119006116247,0.931065626189364,3,31,FALSE
"8","1_305_7",0,0.284260532904919,0.0934665571569537,0.0934665571569537,0.515188581434741,1,0.249045435292215,0.0551582333023396,0.821200907853227,0.896479391594116,0.178352851800841,0.744515055153571,0.309749211841734,0.892618657549708,0.265891575436117,0.798066300364076,0.314778272088445,0.671508876854651,0.279262048974351,0.758215815647579,0.633580253007267,0.774249636079926,0.764147765227539,0.553432185445501,0.692013171506826,0.369815879290683,0.921555893068068,0.434615357480178,0.844757102182213,0.54949853885971,0.261851262937306,0.127999646632092,3,31,FALSE
"9","1_306_4",0,0.33108985702708,0.0922705823643696,0.0922705823643696,0.281690154825278,0.222543057289473,0.137887875293922,0.11189349911485,0.0185851573232437,0.741473696662711,0.88628215753443,0.53982171743714,0.991133518135873,0.116008319766539,0.0242450727986028,0.244654524672357,0.261523869139794,0.349278004228195,1,0.981510740139496,0.793211049467795,0.729611465134192,0.690351442187581,0.211214671198896,0.498198587346396,0.0274599853597994,0.469776221035516,0.499378915096828,0.693815165556524,0.668534236673108,0.275127931620553,0.148240454419757,2,53,FALSE
"10","1_315_1",0,0.330511194762593,0.0922690516527632,0.0922690516527632,0.015510010352086,0.222543057289473,0.137887875293922,0.11189349911485,0.113399466315453,0.71184323466042,0.88628215753443,0.459827260293059,0.650896269436772,0.116008319766539,0.0242450727986028,0.8125397786078,0.204009414427,0.349278004228195,0.717941080913952,0.982301495799838,0.793211049467795,0.729611465134192,0.690351442187581,0.153231243571181,0.56419913958087,0.0719772039753467,0.57205851417894,0.499378915096828,0.693815165556524,0.668534236673108,0.297318391430018,0.305893187022001,1,48,FALSE
"11","1_326_2",0,0.276269327121352,0.0944279987610433,0.0944279987610433,0.36433791406577,0.838758399785848,0.317264959063728,0.117314535084945,0.856221908648406,0.82722365548916,0.646377871432136,0.565835288531657,0.375126708391506,0.37063923249835,0.876339262992852,0.833035130643644,0.874800333930113,0.52899563378476,0.404856393937254,0.587748905326423,0.684015601110369,0.925372149922215,0.764745642451689,0.877976806438612,0.269679603348516,0.401858526219692,0.886185039261549,0.803214218194486,0.946130184989634,0.784085236790263,0.267386504691643,0.776011924656829,3,31,FALSE
"12","1_330_3",0,0.282779926328268,0.0937801838138172,0.0937801838138172,0.496595782912359,0.117795881249293,0.126768474498164,0.0869035275705223,0.865546885148655,0.747377871988787,0.837088821092542,0.873722632008507,0.10291335972689,0.549868424464547,1,0.864189307282747,0.643338548341858,0.380776814528468,0.362011194383272,0.562675283004335,0.483886037660068,0.965780115472605,0.810203389865628,0.68663397723155,0.232369491576116,0.285755426313947,0.627329092301461,0.644260413876307,0.751718797101753,0.637539672973884,0.263426269554591,0.567385376058098,3,31,FALSE
"13","1_334_1",0,0.308565728392616,0.0929017573264272,0.0929017573264272,0.457223901727364,0.578803588837492,0.0441937633236912,0.084131383669616,0.856167302378631,0.996646188197713,0.456989931671189,0.458227927428855,0.374459807973558,0.399611027112488,0.0764246204478743,0.928168447332856,0.572876697583347,0.750589503006625,0.391223293640162,0.389850436640171,0.985150165873626,0.931690817480583,0.688105186574821,0.614165054817166,0.776501921694156,0.26232567692132,0.439742971898364,0.877726878291305,0.612191525229995,0.0457037271468393,0.275083329256836,0.182368846945512,2,53,TRUE
"14","1_334_5",0,0.247759563102646,0.0953609849232673,0.0953609849232673,0.60817840108357,0.346090076828492,0.296346221198587,0.0274178820735718,0.853657161681624,0.905286131354868,0.626930380965725,0.79838798355217,0.169677113438474,0.636222158097364,0.334962347325142,0.726376712851035,0.802411857006595,0.586088230424386,0.324197042847682,0.337601158174057,0.09030091456479,0.965780115472605,0.767844093562996,0.914589637893808,0.632387510233032,0.543944699050968,0.830177547363963,0.294767015196007,0.968525738999896,0.911758391652584,0.268842467936622,0.642864311311401,3,31,FALSE
"15","1_338_7",0,0.247759563102646,0.0953609849232673,0.0953609849232673,0.60817840108357,0.179809324070411,0.296346221198587,0.0274178820735718,0.853657161681624,0.905286131354868,0.626930380965725,0.79838798355217,0.484649154455037,0.636222158097364,0.334962347325142,0.726376712851035,0.802411857006595,0.586088230424386,0.324197042847682,0.835787440466739,0.09030091456479,0.965780115472605,0.767844093562996,0.914589637893808,0.632387510233032,0.543944699050968,0.586181909749938,0.294767015196007,0.968525738999896,0.911758391652584,0.268842467936622,0.642864311311401,3,31,FALSE
"16","1_348_5",0,0.328695779972068,0.0921057529291302,0.0921057529291302,0.0227497658917597,0.197111306706414,0.113322613000737,0.0158589903531891,0.453901711415495,0.933347566214719,0.324650839781805,0.571197141531728,0.978894009839882,0.0263490038746037,0.525941498833,0.985623411933663,0.537413169350417,0.592055438709722,0.692793187634053,0.402287107227424,0.858497203975344,0.792803478031432,0.682915765780918,0.389942282984645,0.929751123263491,0.0605779819302423,0.73271286625131,0.685866601004528,0.682307185956988,0.846168662696457,0.313995016846173,0.0183065596030281,2,53,FALSE
"17","1_355_1",0,0.263006341773336,0.0947921689960112,0.0947921689960112,0.404013261697889,0.258196644323512,0.0399019975173888,0.0923296731193148,0.77755939962772,0.940948735463258,0.802981764450518,0.807774352612848,0.146724871167022,0.507486879306711,0.865768911645512,0.731966672047389,0.667580563035595,0.387986980788243,0.437274162892237,0.605147150973875,0.366915971428346,0.999899953686703,0.764938199113646,0.79121351091717,0.321502569509633,0.340916931646739,0.704542395247129,0.909744560225921,0.833683895545002,0.926141317875794,0.266299338755307,0.586006973537681,3,31,FALSE
"18","1_356_7",0,0.333110365626806,0.0919956578242149,0.0919956578242149,0.150782161576282,0.227539925034409,0.203178960489948,0.0876998597495843,0.507894713233078,0.836052429102929,0.46251650429231,0.134248702133392,0.929372091042218,0.016449253382158,0.219546909881706,0.557501672866532,0.500283923382038,0.693297420022036,0.578985490569033,0.908216162700812,0.799397709905315,0.683745268348538,0.599400473024014,0.569396312663604,0.598761974295788,0.139042514210834,0.54449126081111,0.82785800865648,0.410110390571582,0.0596153361614637,0.158361114035246,0.624436037841456,2,53,FALSE
"19","1_357_2",0,0.331095249235515,0.0920986870752137,0.0920986870752137,0.0227497658917597,0.197111306706414,0.113322613000737,0.0158589903531891,0.984299746038361,0.933347566214719,0.324650839781805,0.571197141531728,0.978894009839882,0.0263490038746037,0.525941498833,0.561173299967747,0.804817183318167,0.592055438709722,0.692793187634053,0.402287107227424,0.858497203975344,0.792803478031432,0.682915765780918,0.817373602815791,0.929751123263491,0.0605779819302423,0.73271286625131,0.685866601004528,0.682307185956988,0.862620275924585,0.290496187162872,0.0183065596030281,2,53,FALSE
"20","1_359_4",0,0.356150906271942,0.0916643396937588,0.0916643396937588,0.0170441032630654,0.275154579430396,0.34350532894842,0.0631633328374399,0.46600714613466,0.81110849702082,0,0.830015191130923,0.901191433166518,0.203781997172353,0.292155918793996,0.413878206677333,0.155158021985517,0.573420344584035,0.810587797723324,0.302429797723924,0.917165793697914,0.406482338477464,0.551335524565866,0.068629574736494,0.908306004029882,0.0256041544090076,0.844932918510021,0.733625208121594,0.466892092475244,0.745791357085638,0.246245959537779,0.0530382026424866,2,53,FALSE
"21","1_362_1",0,0.317160092025621,0.0926052834502007,0.0926052834502007,0.159821108936063,0.303887839101743,0.00752361643134432,0.011853770758167,0.78192946974726,0.95173112686662,0.439143793161769,0.699833591043804,0.810381980490577,0.294171831704177,0.609051629302037,0.993459846035508,0.534081652380712,0.514463233432778,0.561348131910622,0.607935796479449,0.644200627168062,0.909553485647069,0.885554513024758,0.500215770211243,0.83804056806721,0.0830422479435318,0.656525719070072,0.872929317374996,0.645626444073846,0.781400874625847,0.292376542485456,0.127702567056367,3,31,FALSE
"22","1_365_5",0,0.35971783537135,0.0917925244914849,0.0917925244914849,0.0225391486897311,0.222327636965642,0.232068395870778,0.0591929367827572,0.0682988742222654,0.68185065716251,0.468697432494759,0.932897164914888,0.742554433811392,0.323180803652225,0.177625682637911,0.292791645755952,0.0871344756185808,0.268767879751586,0.876493425482023,0.319978499138941,0.986086409368509,0.400611492882211,0.656345319996783,0.163808646310051,0.589492493055186,0.0327966522834232,0.852606988395953,0.503449378319703,0.500805184438024,0.852170801766311,0.359078715835087,0.193761551576033,2,53,FALSE
"23","1_369_5",0,0.320031384934877,0.0924501078343549,0.0924501078343549,0.186908615495126,0.385347361563657,0.0268447922433435,0.0366840930592113,0.676484865399695,0.95358655674698,0.980887198132976,0.681157129000095,0.723960869671007,0.521268258944404,0.628587293029714,0.808290397388977,0.393657503853619,0.0310303937436561,0.388731088298119,0.478728459689082,0.659241026122109,0.7380968965991,0.871676913765558,0.408146713407425,0.675641565198915,0.0637857961599759,0.617163859891708,0.946660904779268,0.552456059848994,0.726625901149749,0.278677064468209,0.0212247885892027,3,31,FALSE
"24","1_369_6",0,0.359131741264204,0.0918213515511031,0.0918213515511031,0.150782161576282,0.335844452355379,0.203178960489948,0.0876998597495843,0.507894713233078,0.836052429102929,0.46251650429231,0.134248702133392,0.994984106868633,0.507048969685601,0.219546909881706,0.557501672866532,0.500283923382038,0.693297420022036,0.578985490569033,0.764868099873677,0.638772489956238,0.683745268348538,0.599400473024014,0.569396312663604,0.598761974295788,0.139042514210834,0.409817344529454,0.846333394707522,0.410110390571582,0.0596153361614637,0.158361114035246,0.624436037841456,2,53,FALSE
"25","1_370_1",0,0.330022033968829,0.0920800695141337,0.0920800695141337,0.0227497658917597,0.37509675013479,0.170328117391135,0.0569216881634207,0.984299746038361,0.933347566214719,0.324650839781805,0.571197141531728,0.614652437872146,0.0516653376288311,0.623935701828415,0.561173299967747,0.804817183318167,0.592055438709722,0.692793187634053,0.402287107227424,0.869532371912332,0.911441582623,0.680722779079202,0.817373602815791,0.929751123263491,0.0605779819302423,0.827222276900431,0.748664316489093,0.59956497377036,0.862620275924585,0.290496187162872,0.0183065596030281,2,53,FALSE
"26","1_371_1",0,0.379938420748902,0.0913577760523614,0.0913577760523614,0.0180751662867123,0.75399616814149,0,0.127451386814317,0.120158307292599,0.768888993449124,0.111874051142412,0.238383753791209,0.792875068990118,0.0559949917271842,0.289414530988725,0.34682169074332,0.00329215727306798,0.25826245518079,0.72852314965963,0.285774130662938,0.781482931443052,0.553474939064181,0.664227136028476,0,0.508267310103964,0.0662229250626071,0.69270772435358,0.927956838946989,0.06461349586235,0.843884942226754,0.197661153448268,0.148883197549051,2,53,FALSE
"27","1_372_7",0,0.33434467648148,0.091845938452544,0.091845938452544,0.0297588703088737,0.544849467448986,0.135930312724631,0.107192958946395,0.746480635592306,0.856449797278261,0.277324836769276,0.428163131521027,0.9432592408188,0.154145329324414,0.61121731983408,0.125724397834197,0.682628094173518,0.717936283358502,0.866319723360687,0.547500076772318,0.761984572836406,0.671655254963508,0.561988350601826,0.786967968910574,0.842116843370439,0.0621510133835962,0.578122619933792,0.931501306762062,0.56984598731851,0.650030830048044,0.162187604364315,0.247614297218938,2,53,FALSE
"28","1_373_4",0,0.256941156478817,0.094369858565977,0.094369858565977,0.570576213685987,0.0572122162994034,0.0450972924526097,0.00508140017842355,0.778127575329267,0.838236009923072,0.907427796177708,0.953337474797154,0.0501008797765743,0.644603049765078,0.895021753246335,0.724624608136002,0.536925668576001,0.279990787895536,0.0875201478871554,0.535199999951397,0.391906048936525,0.83987415937094,1,0.457363688666796,0.239342718252751,0.300632517934053,0.925597895112559,0.494914488537045,0.811955902151468,0.707818603832485,0.359769666097976,0.507696874250026,3,31,FALSE
"29","1_374_3",0,0.332339749155738,0.0920764820419151,0.0920764820419151,0.0227497658917597,0.239294576303869,0.197846361000201,0.0569216881634207,0.984299746038361,0.933347566214719,0.324650839781805,0.571197141531728,0.614652437872146,0.0106221106799495,0.623935701828415,0.561173299967747,0.804817183318167,0.592055438709722,0.692793187634053,0.402287107227424,0.955570611173073,0.89748896560647,0.680722779079202,0.817373602815791,0.929751123263491,0.0605779819302423,0.827222276900431,0.602394724312066,0.59956497377036,0.862620275924585,0.290496187162872,0.0183065596030281,2,53,FALSE
"30","1_379_1",0,0.266264487416928,0.0943504310298469,0.0943504310298469,0.566260342633961,0.793905795142632,0.187123754627947,0.0750841618514414,0.868504005441105,0.804475646326223,0.565920899730444,0.898208850924993,0.84531458195957,0.65767339442569,0.960524510912048,0.718769353729042,0.291393317169512,0.609707150453869,0.246114759886625,0.895551039980883,0.31268370160321,0.989194640497518,0.837805080900449,0.437817811110442,0.365058846138876,0.358405137830355,0.925507244824436,0.210816154332457,0.877830281576825,0.849269103333533,0.282399495586584,0.34822764920747,3,31,FALSE
"31","1_380_6",0,0.266893170362204,0.0947898235314422,0.0947898235314422,0.364718912099613,0.215690819968751,0.00490079240142409,0.0448596265962518,0.65126640602389,0.992751784540818,0.666006453608628,0.964720491642494,0.49437032485299,0.698878235484535,0.733045570991581,0.811894328273295,0.415298488504268,0.463654636304242,0.145863337819106,0.869175050527235,0.352857638851771,0.960487031380804,0.98685463929503,0.522676221461701,0.401407185915879,0.5894252089024,0.942031371679187,0.336383994781099,0.874756354092501,0.975350186146491,0.311975736154059,0.290262808650361,3,31,FALSE
"32","1_383_4",0,0.271980459510225,0.0941619130558257,0.0941619130558257,0.618320487833534,0.286317439084846,0.00752361643134432,0.00257036733011022,0.827347064351137,0.945533135902688,1,0.809035548372295,0.648154840436567,0.294171831704177,0.512277772175887,0.583519146392013,0.574653904105388,0.197764709524049,0.202966489937123,0.978604469057997,0.644200627168062,0.909553485647069,0.513627406427438,0.714468806301125,0.358908963313445,0.330095331336742,0.393159796697892,0.872929317374996,0.645626444073846,0.987516172867857,0.294432112668489,0.369191582685261,3,31,FALSE
"33","1_384_4",0,0.359015715718402,0.0915822412604504,0.0915822412604504,0.36089281629989,0.00343152052488704,0.00574612968829403,0.046286973993311,0.0657045668272483,0.763245755584755,0.228767795771152,0.509316524479673,0.591297898541064,0.862521349255417,0.013715896513928,0.261222302136019,0.437120997563338,0.594291650528427,0.782846948905937,0.0881412437260342,0.984236044452497,0.702147798093427,0.477695053794342,0.25581190752938,0.948114575532509,0.15113196007607,0.586905498730792,0.947964576693858,0,0.484642966703084,0.187909830450426,0.142739536800697,2,53,FALSE
"34","1_385_1",0,0.279978566792581,0.0938610617223676,0.0938610617223676,0.15240753145653,0.281091740308752,0.313785977587598,0.00353072287888175,0.641643762410319,0.877411842502313,0.363055168759808,0.91351685243778,0.719977922661033,0.190536528494618,0.861526292677341,0.850318788648102,0.45869834701795,0.490866424554112,0.565452036059054,0.593344353044717,0.356797593783875,0.784632792091615,0.709595995464792,0.384840870761587,0.758253078702103,0.383266268967551,0.830197553787026,0.292551079863197,0.877758242100036,0.854040978549089,0.349629706672629,0.244413653990288,3,31,FALSE
"35","1_385_3",0,0.334298622693251,0.0919692889124333,0.0919692889124333,0.00947149483583309,0.294840247421427,0.198530426178136,0.0351267047269872,0.885167533543541,0.802368542741366,0.633618478528867,0.654011239726702,0.487775890322663,0.0126558107919805,0.700430988711342,0.239446103456687,0.909490527549065,0.417834323706141,0.711834498842462,0,0.956247229731544,0.917946894328052,0.263787441368846,1,0.597194623747702,0.122810050225873,0.928565410331777,0.822194625668483,0.539762314839513,0.762879898039417,0.251529820794871,0.214707618250761,2,53,FALSE
"36","1_386_5",0,0.292806962811339,0.0935704209924327,0.0935704209924327,0.247674968879175,0.875797439374432,0.291356245395004,0.0331025727503552,0.686463055112459,0.949308495054508,0.578627455643701,0.705407144099104,0.407116883241841,0.272249281434522,0.69533671398537,0.963595757926535,0.450348950598624,0.601541887039799,0.436406120288555,0.789452048574371,0.197784643875579,0.85531317993157,0.977471281636237,0.609047419328268,0.332421567521307,0.603597865748185,0.801936440554712,0.351568993485008,0.80680121619038,0.841523688774473,0.386055692560505,0.352664302058248,3,31,FALSE
"37","1_386_7",0,0.359131741264204,0.0918213515511031,0.0918213515511031,0.150782161576282,0.335844452355379,0.203178960489948,0.0876998597495843,0.507894713233078,0.836052429102929,0.46251650429231,0.134248702133392,0.994984106868633,0.507048969685601,0.219546909881706,0.557501672866532,0.500283923382038,0.693297420022036,0.578985490569033,0.408360562597573,0.638772489956238,0.683745268348538,0.599400473024014,0.569396312663604,0.598761974295788,0.139042514210834,0.409817344529454,0.846333394707522,0.410110390571582,0.0596153361614637,0.158361114035246,0.624436037841456,2,53,FALSE
"38","1_388_2",0,0.377589679649955,0.0914282500600315,0.0914282500600315,0.406862035809707,0.499587824430577,0.177875682417088,0.127451386814317,0.257941386184479,0.777951195143437,0.37174987083534,0.0605704942444798,0.356327828462933,0.235116895141108,0.289414530988725,0.47806333496772,0.406476941458381,0.31943878973952,0.837285587106847,0.80289486063788,0.84637122534589,0.700518810289902,0.527281439683399,0.423623542429967,0.736226137488188,0.100076109339052,0.576781976458011,0.993682207969001,0.06461349586235,0.196843770139609,0.120477570578498,0.287691960370788,2,53,FALSE
"39","1_388_6",0,0.361362302017895,0.0917012248701525,0.0917012248701525,0.36089281629989,0.00343152052488704,0.00574612968829403,0.046286973993311,0.0657045668272483,0.920843719415168,0.246370718123243,0.509316524479673,0.591297898541064,0.862521349255417,0.013715896513928,0.261222302136019,0.437120997563338,0.693100038103965,0.751382182899975,0.0881412437260342,0.984236044452497,0.702147798093427,0.477695053794342,0.25581190752938,0.562388584352339,0.15113196007607,0.586905498730792,0.947964576693858,0,0.484642966703084,0.187909830450426,0.0535522763524275,2,53,FALSE
"40","1_389_3",0,0.239494018572779,0.0956809299025481,0.0956809299025481,0.587215992947205,0.758527330996419,0.372826890930745,0.0509108600843087,0.641643762410319,0.774314306570235,0.556071216673031,0.875824447424585,0.613114380296358,0.69559604089041,0.844800988270006,0.850318788648102,0.261882465250619,0.504987793926054,0.208109293945034,0.987955499268003,0,0.941745722222673,0.833507447601681,0.384840870761587,0.306499257104256,0.621527993654725,0.984433056625122,0.0376747298484275,0.979145204326244,0.856521330991573,0.324353289727553,0.50835052573211,3,31,FALSE
"41","1_389_4",0,0.274898412239435,0.0942025871780511,0.0942025871780511,0.558060492065749,0.70790024030669,0.204802562660748,0.0676820982788898,0.902320000452743,0.80411440693639,0.571177266784565,0.882434401367276,0.82950272489554,0.596207838549023,0.848167778251344,0.520097494422079,0.324219165650675,0.5952008622936,0.238935220155331,0.839197639473268,0.425256444776967,0.88615947337034,0.786353462708031,0.363980163768891,0.369482310309096,0.368974444139898,0.906016841846244,0.298980456764277,0.794960374997254,0.981459318925259,0.302754787919821,0.377702398546113,3,31,FALSE
"42","1_389_5",0,0.332123855868404,0.091967030976896,0.091967030976896,0.00947149483583309,0.294840247421427,0.198530426178136,0.0351267047269872,0.885167533543541,0.802368542741366,0.633618478528867,0.654011239726702,0.487775890322663,0.0126558107919805,0.700430988711342,0.239446103456687,0.909490527549065,0.417834323706141,0.711834498842462,0,0.956247229731544,0.917946894328052,0.263787441368846,1,0.597194623747702,0.105436919075272,0.928565410331777,0.822194625668483,0.539762314839513,0.762879898039417,0.251529820794871,0.214707618250761,2,53,FALSE
"43","1_391_2",0,0.358042830336464,0.091841820210021,0.091841820210021,0.150782161576282,0.335844452355379,0.203178960489948,0.0329064108867542,0.507894713233078,0.836052429102929,0.46251650429231,0.134248702133392,0.994984106868633,0.507048969685601,0.961249771759546,0.557501672866532,0.500283923382038,0.693297420022036,0.578985490569033,0.764868099873677,0.638772489956238,0.683745268348538,0.683405354279619,0.569396312663604,0.598761974295788,0.139042514210834,0.409817344529454,0.846333394707522,0.410110390571582,0.0596153361614637,0.158361114035246,0.624436037841456,2,53,FALSE
"44","1_391_4",0,0.373309808461746,0.0911137808848954,0.0911137808848954,0.02044215924687,0.430963994170171,0.420334764543151,0.167686197054851,0.757966078956425,0.942169774728235,0.277901221066653,0.203149092361045,0.953636030997859,0.136066547842946,0.0429490652877649,0.453736320903756,0.869948887140885,0.998036128721626,0.659827333596007,0.795966981923331,0.91633606180583,0.10618124264932,0.0935409767422071,0.954549381436346,0.895798784659804,0.0651623041428053,0.516361331755624,0.932003557606984,0.0539544666862808,0.15876093004479,0.0448624762308383,0.368382352325057,2,53,FALSE
"45","1_393_1",0,0.359010777086825,0.0915798215719622,0.0915798215719622,0.36089281629989,0.145819875261457,0.00574612968829403,0.046286973993311,0.0657045668272483,0.763245755584755,0.228767795771152,0.509316524479673,0.299904640966875,0.862521349255417,0.013715896513928,0.261222302136019,0.437120997563338,0.594291650528427,0.782846948905937,0.0881412437260342,0.993064178843956,0.702147798093427,0.477695053794342,0.25581190752938,0.948114575532509,0.15113196007607,0.662513027311304,0.947964576693858,0,0.484642966703084,0.187909830450426,0.142739536800697,2,53,FALSE
"46","1_393_2",0,0.342074593812074,0.091845329760653,0.091845329760653,0.0434096237197619,0.597647432008054,0.167722183473245,0.0917684497778306,0.7917472340933,0.841408340237328,0.332008585695352,0.852759964804453,0.81004139776856,0.324334764661083,0.538257369088033,0.204012385531396,0.707490009711134,0.672632809238901,0.541969254435588,0.319039176384463,0.756568228983941,0.722053060809407,0.565989544810606,0.794306552844516,0.774117574240053,0.0570498418005545,0.892156205385329,0.829734091999248,0.464189898307371,0.647717500168459,0.180122060150266,0.34513895144578,2,53,FALSE
"47","1_395_6",0,0.374051493489184,0.091110624171749,0.091110624171749,0.02044215924687,0.430963994170171,0.420334764543151,0.201891198005546,0.757966078956425,0.942169774728235,0.277901221066653,0.203149092361045,0.953636030997859,0.136066547842946,0.0429490652877649,0.453736320903756,0.869948887140885,0.998036128721626,0.659827333596007,0.795966981923331,0.91633606180583,0.10618124264932,0.0935409767422071,0.954549381436346,0.895798784659804,0.0651623041428053,0.516361331755624,0.932003557606984,0.0539544666862808,0.15876093004479,0.0448624762308383,0.368382352325057,2,53,FALSE
"48","1_397_1",0,0.387994384082029,0.0912594001099107,0.0912594001099107,0.0536028132854543,0.241637067418007,0.345154539262137,0.124462657921008,0.713627658555548,0.883239713834962,0.0413302393912232,0.538458188281341,0.666337437944119,0.117074010244673,0.0275710408964323,0.033449516812583,0.853070737920351,0.430179039470306,0.751476618309299,0.485904254234194,0.799088648883699,0.173758092596882,0.354001960237046,0.654388711310002,0.999514307114711,0.064921264707606,0.765969968457163,0.952574842937741,0.0166044822100905,0.0753930592481789,0.121186747900781,0,2,53,FALSE
"49","1_397_4",0,0.365387443705912,0.0914420972165935,0.0914420972165935,0.0434096237197619,0.597647432008054,0.191497664603282,0.139474537751502,0.651237941173546,0.841408340237328,0.332008585695352,0.852759964804453,0.81004139776856,0.324334764661083,0.0827610700328688,0.140272146495589,0.707490009711134,0.672632809238901,0.541969254435588,0.319039176384463,0.756568228983941,0.419532697981362,0.439381168070833,0.54133751607034,0.774117574240053,0.0570498418005545,0.892156205385329,0.829734091999248,0.135496978669872,0.561117802975306,0.0974150624423861,0.34513895144578,2,53,FALSE
"50","1_398_4",0,0.373510538004121,0.0911728340208973,0.0911728340208973,0.0783067929773239,0.326223835181162,0.0207790557395577,0.162964585082723,0.781378186081775,0.9854580020035,0.862097093715699,0.113125486747692,0.673027141703982,0.310271615615088,0.0314562158029093,0.34356095970301,0.855798856593956,0.438322639735129,0.463822806168761,0.582787796740863,0.906498979521196,0.239455397134418,0.223552288760807,0.981387728081736,0.713233928468645,0.125522116890936,0.342444859844602,0.949661903689863,0.0870920881615439,0.224735020743153,0.034911035726071,0.200535468013917,2,53,FALSE
"51","1_399_6",0,0.360990361273061,0.0917165211142333,0.0917165211142333,0.0346538857020486,0.687675190840656,0.203178960489948,0.0876998597495843,0.777627567071221,0.87064341770953,0.319322223154266,0.77217903154258,0.555636682014385,0.507048969685601,0.219546909881706,0.0629841849064945,0.967598025122756,0.680105701245064,0.585180205012752,0.282680555908077,0.741837215527991,0.683745268348538,0.599400473024014,0.920310729865431,0.803198250326186,0.0521652545276177,0.940571461893598,0.88329212490788,0.410110390571582,0.685969335458238,0.17743693442374,0.283150092318179,2,53,FALSE
"52","1_400_3",0,0.420058768824626,0.0911375961834016,0.0911375961834016,0.148793056644062,0.879382385668247,0.388102519969934,0.165650554292842,0.69904791220558,0.994179447710212,0.209441625556066,0.876087014122012,0.492828012352269,0.0672950251890359,0.198616968667336,0.143340598157589,0.956563495281749,0.84563736925754,0.623838793787684,0.585460839120704,0.879593287807528,0,0.0300792180667162,0.998063375022669,0.750860840256308,0.0265303580393281,0.770192247153221,0.990589747524466,0.0953263393968428,0.320734204015484,0.0200754520590702,0.295870695364901,2,53,FALSE
"53","1_401_5",0,0.374503442368679,0.091582984958536,0.091582984958536,0.447040188054928,0.105884367813482,0.134857786517801,0.00254566117943399,0.0657045668272483,0.763245755584755,0.228767795771152,0.489837560167537,0.650821427875249,0.632479421332107,0.324584208804441,0.261222302136019,0.437120997563338,0.594291650528427,0.690740346830032,0.418217651004406,0.857754920902169,0.662346969993884,0.304707455394914,0.25581190752938,0.948114575532509,0,0.177040864710427,0.616305785971948,0.0871526943508781,0.484642966703084,0.187909830450426,0.142739536800697,2,53,FALSE
"54","1_401_6",0,0.276246541973527,0.0939302432093761,0.0939302432093761,0.492293398836227,0.407545007069563,0.044975676521789,0.0677322061348847,0.706115267542036,0.841408340237328,0.332008585695352,0.9587297144955,0.459901389351831,0.829892555921518,0.693929980757237,0.592155189274849,0.707490009711134,0.672632809238901,0.0425177736608521,0.747199176238888,0.305095284347926,0.659594872843717,0.892232510941521,0.360197503798815,0.774117574240053,0.21320632085672,0.889782193169144,0.567909982294098,0.6819447680946,0.603668464802913,0.266713936413615,0.34513895144578,3,31,FALSE
"55","1_402_6",0,0.368245349736871,0.0913007310479765,0.0913007310479765,0.0783067929773239,0.326223835181162,0.0207790557395577,0.162964585082723,0.825150206407956,0.7509370569063,0.965015062664252,0.113125486747692,0.673027141703982,0.310271615615088,0.0314562158029093,0.34356095970301,1,0.3931851254772,0.463822806168761,0.582787796740863,0.906498979521196,0.239455397134418,0.223552288760807,0.938284221279074,0.394225901073306,0.125522116890936,0.342444859844602,0.949661903689863,0.0870920881615439,0.224735020743153,0.152339860555082,0.667726838321022,2,53,FALSE
"56","1_404_3",0,0.394391047888783,0.0911841686578429,0.0911841686578429,0.0369700455092718,0.75139289447279,0.463854420962536,0.262618765540709,0.973977433392226,0.942169774728235,0.277901221066653,0.428399350937902,0.818553941280376,0.374455156447542,0.0528017615123962,0.166684566753025,0.869948887140885,0.998036128721626,0.659827333596007,0.729368637146372,0.834792881791774,0.0495809088084243,0,0.803578089083124,0.895798784659804,0.0651623041428053,0.643916003103649,0.970529162877807,0.0560262197219738,0,0.0448624762308383,0.368382352325057,2,53,FALSE
"57","1_405_5",0,0.388381892408808,0.0912542722506942,0.0912542722506942,0.264996524372427,0.241637067418007,0.345154539262137,0.124462657921008,0.713627658555548,0.883239713834962,0.0413302393912232,0.0769263806634761,0.547438574433921,0.117074010244673,0.0275710408964323,0.033449516812583,0.853070737920351,0.430179039470306,0.751476618309299,0.559486148555117,0.799088648883699,0.173758092596882,0.354001960237046,0.654388711310002,0.999514307114711,0.064921264707606,0.392856861399376,0.952574842937741,0.0166044822100905,0.0753930592481789,0.121186747900781,0,2,53,FALSE
"58","1_406_1",0,0.281498594064795,0.0940182839331508,0.0940182839331508,0.492293398836227,0.407545007069563,0.279524603615898,0.028040218823733,0.152306057745983,0.698269124879979,0.292701845481795,0.9587297144955,0.459901389351831,0.618183326365472,0.670543445676354,0.438143974260659,0.361227697981274,0.349637226684342,0.0425177736608521,0.747199176238888,0.305095284347926,0.864391493284613,0.847636330016053,0.194139681398797,0.815970207006113,0.21320632085672,0.889782193169144,0.567909982294098,0.638781194724797,0.864374094174333,0.381151819760073,0.164624698963861,3,31,FALSE
"59","1_408_7",0,0.375468193852767,0.0915385558755328,0.0915385558755328,0.148793056644062,0.879382385668247,0.348631531552412,0.136321582808442,0.888043179570758,0.94023823133536,0.209441625556066,0.876087014122012,0.492828012352269,0.0743921653755292,0.305351860986561,0.329468055553787,0.595322170982397,0.84563736925754,0.623838793787684,0.585460839120704,0.879593287807528,0.575393876695677,0.227624292893245,0.804208528673566,0.6467534523269,0.0265303580393281,0.770192247153221,0.990589747524466,0.250074029692148,0.786474311643229,0.124681200717851,0.361516760294812,2,53,FALSE
"60","1_409_6",0,0.36507788396687,0.0916567739537489,0.0916567739537489,0.0649384296835945,0.440493921010762,0.459848841194552,0.0527642667269154,0.606459574957192,0.774137535813522,0.503189568308019,0.756115382258963,0.733201525001222,0.305717694531563,0.356673172683236,0.346554610624884,0.315696131782453,0.2379357624097,0.816570865654029,0.0580636028966709,0.927074859415035,0.570258633607327,0.56301897886359,0.099482999642463,0.472143746256899,0.0254635451726916,0.880854342410852,0.585726222690837,0.274495280069366,0.651667537166277,0.305429260929531,0.375591847459971,2,53,FALSE
"61","1_410_2",0,0.370364498858546,0.0915121844356593,0.0915121844356593,0.0141743554591075,0.216838405993972,0.0775753405119898,0.0879147545131053,0.00592834904874348,0.763245755584755,0.228767795771152,0.256234985552976,0.806712664047819,0.271742686654692,0.289976491960183,0.271783286317105,0.731400855186182,0.594291650528427,0.782846948905937,0.0330807632177857,0.917755805715619,0.620072293263569,0.315967522114402,0.442640534259713,0.948114575532509,0.15113196007607,0.387766408844693,0.672153377243898,0.15541574808602,0.565068799586575,0.108178903592033,0.142739536800697,2,53,FALSE
"62","1_410_3",0,0.27400218420554,0.0939287499552791,0.0939287499552791,0.492293398836227,0.407545007069563,0.044975676521789,0.0677322061348847,0.706115267542036,0.841408340237328,0.655889131901524,0.9587297144955,0.459901389351831,0.829892555921518,0.693929980757237,0.592155189274849,0.707490009711134,0.531466947781072,0.0425177736608521,0.747199176238888,0.305095284347926,0.659594872843717,0.892232510941521,0.360197503798815,0.774117574240053,0.21320632085672,0.889782193169144,0.567909982294098,0.6819447680946,0.603668464802913,0.266713936413615,0.402713416647451,3,31,FALSE
"63","1_414_5",0,0.27842317608393,0.0940417595001826,0.0940417595001826,0.481372796042908,0.365306635422309,0.000521795064385077,0.0677322061348847,0.706115267542036,0.841408340237328,0.655889131901524,0.619052247868759,0.566475663691314,0.693741007549736,0.693929980757237,0.592155189274849,0.707490009711134,0.531466947781072,0.301998148811422,0.929967896631243,0.30942835938803,0.861292918429433,0.892232510941521,0.360197503798815,0.774117574240053,0.217287258110809,0.638555324828319,0.649323754187047,0.6819447680946,0.603668464802913,0.266713936413615,0.402713416647451,3,31,FALSE
"64","1_415_5",0,0.375673332295726,0.0911696607232968,0.0911696607232968,0.0783067929773239,0.326223835181162,0.0207790557395577,0.162964585082723,0.781378186081775,0.9854580020035,0.862097093715699,0.113125486747692,0.673027141703982,0.310271615615088,0.0314562158029093,0.34356095970301,0.855798856593956,0.438322639735129,0.52790928049226,0.582787796740863,0.906498979521196,0.239455397134418,0.223552288760807,0.981387728081736,0.713233928468645,0.135354035913787,0.342444859844602,0.949661903689863,0.0870920881615439,0.224735020743153,0.034911035726071,0.200535468013917,2,53,FALSE
"65","1_416_2",0,0.383139512065124,0.0912781948873296,0.0912781948873296,0.05908097038305,0.0447544295886242,0.257964046953537,0.161596417332266,0.716032992524922,0.947400372194413,0.238542012327765,0.734229785844234,0.484790080791506,0.269581585672955,0.231567822175328,0.415523082306367,0.839391911212169,0.983694627881481,0.721567231529969,0.00580034685194779,0.966593162417799,0.226446289654245,0.249630987874486,0.825458313129939,0.81186067083809,0.0757372116583581,0.608480401671109,0.803214218194486,0.137394175482795,0.477733076077481,0.0683321519250707,0.313633076515274,2,53,FALSE
"66","1_416_3",0,0.330978088173652,0.0918540801603938,0.0918540801603938,0.0875086933783173,0.0753932341439779,0.0586345712278767,0.00317405379667506,0.609005416738218,0.761080196706508,0.593906125633087,0.728067468311716,0.7482017624355,0.225061052985399,0.353898849031119,0.694195070659407,0.506539029677054,0.290483832638955,0.826660065746895,0.459482504511051,0.849481976235875,0.709189270470372,0.887441645185397,0.434442800594541,0.646052934222193,0.0332174440871678,0.357798887183365,0.672306996812834,0.413460200009595,0.827270460394221,0.256623609787102,0.151560066701938,2,53,FALSE
"67","1_417_2",0,0.391721345082051,0.0911454975906914,0.0911454975906914,0.364796826193193,0.430963994170171,0.420334764543151,0.201891198005546,0.757966078956425,0.942169774728235,0.277901221066653,0.271549200998296,0.953636030997859,0.136066547842946,0.0429490652877649,0.453736320903756,0.869948887140885,0.998036128721626,0.659827333596007,0.431338167563888,0.91633606180583,0.10618124264932,0.0935409767422071,0.954549381436346,0.895798784659804,0.0651623041428053,0.455062952109186,0.932003557606984,0.0539544666862808,0.15876093004479,0.0448624762308383,0.368382352325057,2,53,FALSE
"68","1_417_4",0,0.405272903534398,0.0911469695404283,0.0911469695404283,0.148793056644062,0.879382385668247,0.388102519969934,0.165650554292842,0.69904791220558,0.994179447710212,0.498476472614969,0.876087014122012,0.492828012352269,0.0672950251890359,0.198616968667336,0.143340598157589,0.956563495281749,0.84563736925754,0.623838793787684,0.585460839120704,0.879593287807528,0,0.0300792180667162,0.998063375022669,0.750860840256308,0.0265303580393281,0.770192247153221,0.990589747524466,0.0953263393968428,0.320734204015484,0.0200754520590702,0.295870695364901,2,53,FALSE
"69","1_418_3",0,0.382695297014523,0.0913390811802252,0.0913390811802252,0.0649384296835945,0.460997124713562,0.163173269211128,0.149546593544094,0.606459574957192,0.774137535813522,0.503189568308019,0.756115382258963,0.573685357245096,0.165545860282702,0.192323323609091,0.346554610624884,0.315696131782453,0.2379357624097,0.816570865654029,0.0580636028966709,0.729656360808131,0.26795949926248,0.0377782394267293,0.099482999642463,0.472143746256899,0.0254635451726916,0.295818733268853,0.987990255837195,0.020853753629081,0.420801571051779,0.305429260929531,0.375591847459971,2,53,FALSE
"70","1_420_5",0,0.332377361595221,0.0918741498224527,0.0918741498224527,0.169729149741882,0.258814734093734,0.0586345712278767,0.00317405379667506,0.609005416738218,0.761080196706508,0.67061256091014,0.777571961850053,1,0.225061052985399,0.353898849031119,0.694195070659407,0.506539029677054,0.288694863137239,0.754617056687426,0.710799195353199,0.849481976235875,0.709189270470372,0.887441645185397,0.434442800594541,0.646052934222193,0.000855551642814583,0.489566286956693,0.672306996812834,0.413460200009595,0.827270460394221,0.256623609787102,0.151560066701938,2,53,FALSE
"71","1_421_5",0,0.345280116795908,0.0918263339379847,0.0918263339379847,0.170183164085488,0.469064739023094,0.000948166920889835,0.0784479761121125,0.84087850056094,0.874573451406492,0.0501861936495426,0.490727973826941,0.668119585003923,0.428143160879688,0.167968825543643,0.202228536232208,0.54771859073632,0.65755618667768,0.787483271127577,0.209937928763274,0.818834934002935,0.606843999052008,0.386510807215702,0.605577361821277,1,0.0926079811751356,0.55178742535988,0.868752549940509,0.4980649398116,0.556999958347559,0.186891386634259,0.115365103929469,2,53,FALSE
"72","1_423_1",0,0.376435347538721,0.0915265373811629,0.0915265373811629,0.138981402418764,0.216838405993972,0.0775753405119898,0.0879147545131053,0.00592834904874348,0.763245755584755,0.228767795771152,0.256234985552976,0.806712664047819,0.271742686654692,0.289976491960183,0.271783286317105,0.731400855186182,0.594291650528427,0.782846948905937,0.0330807632177857,0.917755805715619,0.620072293263569,0.315967522114402,0.442640534259713,0.948114575532509,0.15113196007607,0.387766408844693,0.672153377243898,0.15541574808602,0.565068799586575,0.108178903592033,0.142739536800697,2,53,FALSE
"73","1_423_6",0,0.307217908167642,0.0925033635529041,0.0925033635529041,0.204740141068493,0.182870617428463,0.272618892869548,0.0676820982788898,0.967422201389624,0.843397241902513,0.939700357976972,0.797110867418646,0.789333846835896,0.365131112062145,0.981540813712579,0.449541707771807,0.636129158150565,0.0163001847442181,0.176444625100848,0.606106200876177,0.682040783449591,0.951366464664535,0.786353462708031,0.875829480643519,0.727450939032,0.149492798505847,0.557857457349172,0.6096101909654,0.723517936479621,0.771299123247933,0.234165129024699,0.117939649474292,3,31,FALSE
"74","1_425_7",0,0.346643251983947,0.0917430304382658,0.0917430304382658,0.170183164085488,0.469064739023094,0.000948166920889835,0.143905678064012,0.91081394841645,0.801886941016498,0.0501861936495426,0.490727973826941,0.668119585003923,0.428143160879688,0.167968825543643,0.313880295486155,0.632848894549006,0.65755618667768,0.787483271127577,0.209937928763274,0.818834934002935,0.606843999052008,0.234673519149468,0.788993592673081,0.994421418624743,0.0926079811751356,0.55178742535988,0.868752549940509,0.4980649398116,0.500776813750247,0.109816669316089,0.115365103929469,2,53,FALSE
"75","1_426_5",0,0.356591163690077,0.0917270306280895,0.0917270306280895,0.0656980498072369,0.578798005155483,0.167539569715229,0.0300128015836848,0.65964287470585,0.841619598893526,0.34292133892698,0.844446424738825,0.801272605053288,0.358708646337511,0.363278412169895,0.127816374738783,0.716794927881722,0.65882114979265,0.514947650704253,0.324637228235641,0.744059283638911,0.450489219916648,0.743819821903008,0.552278606033598,0.734007999133507,0.0628422117697311,0.917524027326951,0.812978884475839,0.460825345902316,0.665459332658782,0.129615327279945,0.346461017978304,2,53,FALSE
"76","1_427_2",0,0.27324551228141,0.0940544977431914,0.0940544977431914,0.338744273365336,0.214835267685578,0.270849337587428,0.0434351547541421,0.429170304368893,0.917155496980791,0.925367561379758,1,0.988301304748075,0.275999028840114,0.96470712836574,0.718000877467125,0.507456394500354,0.315376900575322,0.13483960560792,0.71123895844526,0.868884481245409,0.79076504408712,0.829653069213306,0.274087108460098,0.316159779897881,0.226182129055901,0.208354171610388,0.808549912672983,0.850116461962012,0.921037974193401,0.44676816662661,0.368244820675462,3,31,FALSE
"77","1_427_5",0,0.348109804699876,0.0918743825619475,0.0918743825619475,0.107545899884627,0.168841166281601,0.138715688503054,0.0167004500326359,0.974177863168363,1,0.159883377502028,0.297485833070718,0.883102601918095,0.342259992711782,0.570602381983458,0.472972216003821,0.924099320197879,0.617127743974598,0.568013859618096,0.930593953915593,0.926499159636207,0.708782731694312,0.648658697865271,0.834961882105612,0.737897410267457,0.0516789606265912,0.144937864166709,0.962149434251661,0.466934863463391,0.847200750530709,0.279679904107916,0.150447985128206,2,53,FALSE
"78","1_428_1",0,0.307207778836133,0.0925006949570516,0.0925006949570516,0.204740141068493,0.182870617428463,0.272618892869548,0.0676820982788898,0.967422201389624,0.843397241902513,0.939700357976972,0.797110867418646,0.789333846835896,0.365131112062145,0.981540813712579,0.449541707771807,0.636129158150565,0.0163001847442181,0.176444625100848,0.606106200876177,0.682040783449591,0.951366464664535,0.786353462708031,0.837470112873181,0.727450939032,0.149492798505847,0.557857457349172,0.6096101909654,0.723517936479621,0.771299123247933,0.234165129024699,0.117939649474292,3,31,FALSE
"79","1_428_4",0,0.31479558247906,0.0922049030756851,0.0922049030756851,0.0783067929773239,0.326223835181162,0.249769169153994,0.0465215790314775,0.881751244007543,0.933327609135725,0.962040507603272,0.113125486747692,0.673027141703982,0.272175219457246,0.801698599684904,0.776704679970634,0.777814369154963,0,0.0950990326701821,0.582787796740863,0.906498979521196,0.999946297197511,0.76878077074175,0.921265637276199,0.794714960935615,0.125522116890936,0.342444859844602,0.531350941312592,0.620007955935929,0.832057859381034,0.296961176703972,0.0472263228217506,3,31,FALSE
"80","2_161_4",0,0.225406239170166,0.103843286100662,0.103843286100662,0,0.362222616705317,0.96975811220091,0.904006701299883,0.888923715848985,0.258409832218708,0.880009398590572,0.694253335309258,0,1,0.12420138727478,0.473767985102173,0.617614211628671,0.384829534562691,0.985003818338594,0.474892335688364,0.148654909371703,0.699764472293789,0.934369712482516,0.205271377941187,0.552309383160338,0.853710511062788,0.455483034654582,0.357538999203266,0.778188440246143,0.18211747337658,0.0477661472590973,0.377705236865464,1,48,FALSE
"81","2_174_4",0,0.231179572208716,0.102952446274384,0.102952446274384,0.14178688440603,0.442766626113344,0.0916522095830639,0.00227734797590038,0,0.818585415889006,0.955642922168544,0.387173087038931,0.000443970321134454,0.165138543329017,0.492662864119522,0.919478427035333,0.196238215764646,0.222977498520598,0.832352613443502,0.561224443571375,0.670134245228491,0.286182378576445,0.256580158767057,0.00978051150312996,0.775028831056225,0.807918685281657,0.267889386017714,0.319707982455885,0.369103654778376,0.541798936186344,0.317360616535583,0.237068378810293,1,48,FALSE
"82","2_321_3",0,0.367142546148854,0.0916240891505521,0.0916240891505521,0.718239697600802,0.384994747538686,0.31123280566333,0.14712253973886,0.175479682766812,0.328339510438402,0.492373922423913,0,0.404331336057967,0.0442267184250447,0.144212420443213,0.625354308662524,0.52599192167542,0.058907647710459,0.0471856075537518,0.739776601939781,0.522542300647583,0.0949048715529063,0.996053982199702,0.0608103028023387,0.190386167278364,0.00898815722058514,0.76015625452447,0.793882177848827,0.34035682200633,0.618303834300831,0.120396217703232,0.197417884177376,2,53,FALSE
"83","2_344_3",0,0.197877557848147,0.106419100501202,0.106419100501202,0.974532077564194,0.389306356718677,1,0.0993809554230247,0.633627682895139,0.282223700954613,0.914206600356597,0.373481591881658,0.119460286947386,0.855438582162198,0.0210224169702688,0.907917099144853,0.644461138805928,0.413306759876492,0.775226512333003,0.400425164424066,0.519714623981238,0.895556772201507,0.535826254515936,0.140863052817185,0.977987580953807,0.856652942064469,0.175602029959606,0.155326190600394,0.716660079554629,0.389589351996765,0,0.318750464957502,1,48,FALSE
"84","2_345_7",0,0.369345953142119,0.0915780885217936,0.0915780885217936,0.0867779995259278,0.561637011460909,0.0731316566540151,0.738387839043812,0.909892494722041,0.897912754399368,0.425528294388272,0.43137002639696,0.370635817204568,0.530143050490169,0.0851898843013338,0.118628382816715,0.154405250165055,0.106071510823447,0.0496692968669379,0.17666310092393,0.315437537889571,0.441480058943114,0.97152771211501,0.0666814317765883,0.924468679195309,0.0401864544970468,0.411756776218519,0.50403415046232,0.133560094168256,0.874939413638702,0.198910508090953,0.0364957315338366,2,53,FALSE
"85","2_384_6",0,0.339039474034503,0.0918998153801186,0.0918998153801186,0.0726402884714731,0.798901764324094,0.187059735615468,0.115950244027106,0.539158421603324,0.687241773000545,0.29757383328767,0.0722437268840834,0.60132526481799,0.0137100543241937,0.658396604748862,0.713942120682153,0.493949358462259,0.205584016143917,0.197147315971887,0.446278089610224,0.666069469009142,0.921501383804527,0.739984503427914,0.236077332854048,0.724587897102697,0.112488236938903,0.171945607790153,0.977259327052817,0.323757681473851,0.937672311884841,0.370718009602896,0.329040827867692,2,53,FALSE
"86","2_417_5",0,0.270238514870907,0.0944221594807425,0.0944221594807425,0.577271231583645,0.448101063024725,0.37765446552113,0.756880196215908,0.636255949738182,0.619489285445224,0.730850679611031,0.851639515701597,0.532431785724452,0.154102564643745,0.0387345896153186,0.759752558205775,0.421428780675025,0.168839222932213,0.29971119924722,0.699566855076116,0.618763839644378,0.418706727510839,0.698557705160875,0.189102521440752,0.63428072868539,0.0268574000106992,0.659152278798383,0.792406373772647,0.782174809832825,0.960289812796763,0.0920227493942326,0.403265892522694,1,48,FALSE
"87","2_421_6",0,0.244953713465991,0.0985313020846887,0.0985313020846887,0.883550945805751,0.67920727743673,0.201850007340361,0.118718003261259,0.680149357539106,0.474591516671622,0.730307785166714,0.634486952860534,0.691147620127333,0.0509071675695311,0.64356504096522,0.808367579239927,0.37386156404403,0.406889308961015,0.639836012397741,0.244310562038038,0.911443662791521,0.690569270033737,0.882012321747098,0.225771325791798,0.574216766136712,0.330672345471232,0.211864331200058,0.443762967489906,0.756779347368494,0.58256488415209,0.0715758834032012,0.372668470718938,1,48,FALSE
"88","2_423_3",0,0.335938971890683,0.0919448257605519,0.0919448257605519,0.0726402884714731,0.798901764324094,0.187059735615468,0,0.539158421603324,0.687241773000545,0.29757383328767,0.0722437268840834,0.60132526481799,0.0137100543241937,0.746404521096551,0.713942120682153,0.493949358462259,0.205584016143917,0.197147315971887,0.446278089610224,0.666069469009142,0.921501383804527,0.870422623872947,0.236077332854048,0.724587897102697,0.112488236938903,0.171945607790153,0.977259327052817,0.323757681473851,0.446347001174333,0.370718009602896,0.329040827867692,2,53,FALSE
"89","3_203_3",0,0.198306615567765,0.107521681450974,0.107521681450974,0.905482515281741,0.166751139419337,0.544277192996195,0.197332762941855,0.730760961392196,0.597128985070063,0.786284069244782,0.863779584986772,0.20234100957802,0.38055705328712,0.447903926620529,0.299442525339256,0.0831434683744111,0.638611343938977,0.78758995972074,0.853724978910627,0.908851602104764,1,0.511018607360255,0.00483142858309571,0.44883463605662,0.457644963606141,0.493359995326793,0.527365478352855,0.872397137562132,0.745896226903855,0.978340404768998,0.771808624359414,1,48,FALSE
"90","3_207_5",0,0.197154804796387,0.107521661893276,0.107521661893276,0.905482515281741,0.166751139419337,0.544277192996195,0.158208857191786,0.730760961392196,0.597128985070063,0.786284069244782,0.863779584986772,0.20234100957802,0.38055705328712,0.474373650117703,0.299442525339256,0.0831434683744111,0.638611343938977,0.78758995972074,0.853724978910627,0.908851602104764,1,0.511018607360255,0.00483142858309571,0.44883463605662,0.457644963606141,0.493359995326793,0.527365478352855,0.872397137562132,0.745896226903855,0.978340404768998,0.771808624359414,1,48,FALSE
"91","3_211_7",0,0.196283293117746,0.107542656225259,0.107542656225259,0.889941980079548,0.112768123315818,0.544277192996195,0.158208857191786,0.730760961392196,0.597128985070063,0.786284069244782,0.863779584986772,0.105053417677914,0.38055705328712,0.474373650117703,0.299442525339256,0.0831434683744111,0.638611343938977,0.78758995972074,0.849327908641856,0.908851602104764,1,0.511018607360255,0.00483142858309571,0.44883463605662,0.457644963606141,0.287799790839387,0.527365478352855,0.872397137562132,0.745896226903855,0.978340404768998,0.771808624359414,1,48,FALSE
"92","3_237_5",0,0.203386945111132,0.107356162492345,0.107356162492345,0.959302857821655,0.247842772481585,0.539743233472442,0.182447906903569,0.356558682612929,0.532236588749533,0.786284069244782,0.97754929172167,0.032978665596587,0.355580300016084,0.394872120731972,0.32942381344241,0.140421642783511,0.638611343938977,0.78758995972074,0.767297110770709,0.886808364099036,0.940438262635213,0.952975715132055,0.00363805566584583,0.587486771129295,0.457644963606141,0.403052350089587,0.466941822517801,0.697823098084394,0.654739166112038,0.896082826226344,0.771808624359414,1,48,FALSE
"93","3_240_4",0,0.205838774904589,0.106253166108445,0.106253166108445,0.886056846279,0.0992723693461371,0.375620783205289,0.140499434267163,0.259503167502377,0.376293261100798,0.69402361349766,0.754429798151676,0.0807315196928171,0.545678408702413,0.261797817949001,0.621340690831355,0.661408760051819,0.341118012809647,0.897188189432896,0.84822864110031,0.922744010388257,0.933110351477774,0.365517959449736,0.183148441636889,0.429588878119217,0.320725894549648,0.236409739717536,0.376230983218934,0.84336083971689,0.672654117974323,0.00366846430830153,0.864629713838072,1,48,FALSE
"94","3_240_5",0,0.226348457962506,0.106174159130857,0.106174159130857,0.770010967137544,0.0581945675371474,0.842312186013821,0.831562484178866,0.0610688454666554,0.378711821729238,0.430775939931371,0.812451126317826,0.023843680022928,0.264985643775075,0.0874409270433559,0.373641647048546,0.793869822499536,0.390903293002887,0.58847917287751,0.777265276770897,0.987735366708906,0.957575082164138,0.392082683463666,0.0652945759906402,0.0687565544744409,0.614224620543417,0.604052004366363,0.270389409140187,0.522248727197728,0.655723241924799,0.538674850639419,0.693995586086137,1,48,FALSE
"95","3_249_1",0,0.204899410173463,0.106204071131756,0.106204071131756,0.886056846279,0.137154914469428,0.172774692580885,0.140499434267163,0.259503167502377,0.376293261100798,0.69402361349766,0.754429798151676,0.234779244942864,0.269849422621972,0.261797817949001,0.621340690831355,0.661408760051819,0.341118012809647,0.897188189432896,0.84822864110031,0.901471993210266,0.90370062524825,0.365517959449736,0.183148441636889,0.429588878119217,0.320725894549648,0.236409739717536,0.523763649069882,0.84336083971689,0.672654117974323,0.00366846430830153,0.864629713838072,1,48,FALSE
"96","3_253_6",0,0.230624883754318,0.102779386009995,0.102779386009995,0.637764905123886,0.909101562384557,0.349634121257633,0.0479386949744734,0.38096911789726,0.162999257393517,0.765811163729991,0.719771860322714,0.70566631244956,0.803095947086815,0.0967567031335158,0.835188936590465,0.645325210643206,0.603454125348248,0.917878796327033,0.345924165482231,0.117325013607714,0.997227495139474,0.733910571605629,0.338833723162934,0.581734900429497,0.780501716558175,0.460428007264615,0.370703648409852,0.948599692070318,0.269866126021411,0.0830281217692391,0.726054668686738,1,48,FALSE
"97","3_254_6",0,0.201462727416256,0.106976831546254,0.106976831546254,0.99284396482433,0.209456238769923,0.584382907354928,0.975315281359553,0.965017911432406,0.597128985070063,0.758288916611243,0.95164829032806,0.172419111742599,0.224101414936287,0.383485751837153,0.0161186915797726,0.0831434683744111,0.389220229880228,0.856504738058449,0.804672617028466,0.773823369055968,0.97745868082879,0.54954854556281,0.00483142858309571,0.44883463605662,0.293207624184785,0.107310122129146,1,0.962454259326471,0.954455167307634,0.978340404768998,0.956404720939993,1,48,FALSE
"98","3_257_5",0,0.20143302341997,0.106321347207297,0.106321347207297,0.886056846279,0.100931558258269,0.180852189794462,0.12702309554707,0.12708776031299,0.376293261100798,0.69402361349766,0.754429798151676,0.234779244942864,0.153773506093708,0.0030257315863817,0.598925706855178,0.661408760051819,0.341118012809647,0.897188189432896,0.84822864110031,0.857560830061851,0.906468560963405,0.32858478249312,0.208997693971995,0.429588878119217,0.320725894549648,0.236409739717536,0.643009861350265,0.866153822487065,0.659594606629985,0.00366846430830153,0.864629713838072,1,48,FALSE
"99","3_264_3",0,0.196289694510941,0.111269918420103,0.111269918420103,0.838526349552877,0.213150911271437,0.674790614563728,0.946393233831917,0.0588827251784194,0.616712908124207,0.671708748817784,0.728488534917468,0.0019324294464765,0.0566057690972872,0.0739829671764615,0.98627872245898,0.429375773509233,0.587673171151442,0.806977248553408,0.689602904582716,0.948758999509104,0.950450606335509,0.937592654957986,0.00914179050940941,0,0.68764385726033,0.478011547234842,0.455695967612875,0.948441102347769,0.409688958318969,0.762251352310784,0.990274615388246,1,48,FALSE
"100","3_272_6",0,0.229643255058466,0.103372295701807,0.103372295701807,0.779192919770383,0.14138554064189,0.460811217049281,0.340720829323808,0.202588801196304,0.488785377598346,0.570561933508932,0.848728115477,0.328099006146191,0.173562583033376,0.0404435188759399,0.659717513233352,0.774638589285741,0.675401628069335,0.883278303931297,0.698681780541903,0.966926719110959,0.81987138801754,0.79060824668832,0.176664254907289,0.667406707993894,0.308290419787777,0.416009003589128,0.911661952699034,0.784140258436994,0.646208777337722,0.249264894560276,0.403514426723715,1,48,FALSE
"101","3_277_7",0,0.227017129361863,0.10471817826026,0.10471817826026,0.785951001026109,0.167466397885859,0.0732572072501125,0.348080168206005,0.537611770500588,0.421845691679251,0.611802927008155,0.716253343806818,0.00913454674738902,0.789759684818236,0.34317486784111,0,0.602776444744738,0.345041120250749,0.904419184332977,0.820069932487079,0.72146939968776,0.835531231147124,0.674899367970168,0.195836190483751,0.446001601911118,0.302352509200743,0.249020465121061,0.870494491698691,0.817308426788923,0.96176681990472,0.153409100623823,0.800789085658629,1,48,FALSE
"102","3_285_5",0,0.228010105861914,0.103381868503818,0.103381868503818,0.969802674901865,0.14138554064189,0.460811217049281,0.340720829323808,0.202588801196304,0.488785377598346,0.570561933508932,0.848728115477,0.174566391786683,0.173562583033376,0.0404435188759399,0.659717513233352,0.774638589285741,0.675401628069335,0.883278303931297,0.840498094540981,0.966926719110959,0.81987138801754,0.79060824668832,0.176664254907289,0.667406707993894,0.308290419787777,0.125028930650116,0.911661952699034,0.784140258436994,0.646208777337722,0.249264894560276,0.403514426723715,1,48,FALSE
"103","3_289_1",0,0.267411101639607,0.0943423465815251,0.0943423465815251,0.738317012722658,0.377980641068745,0.303360018836106,0.0328184603112892,0.504220457262223,0.201274922403509,0.456907948736592,0.586585442445621,0.324292940142271,0.12147834832613,0.81939263582509,0.882215396741731,0.152100296247903,0.415882854228608,0.905182985812222,0.777893500130794,0.622860791788895,0.855574016375071,0.99333190588503,0.101382618165828,0.851033234707748,0.221231050255492,0.627323071081581,0.447327178645416,0.819534843893374,0.545988208142727,0.701146214276677,0.612313199541979,1,48,FALSE
"104","3_294_2",0,0.228121947265892,0.103378586808974,0.103378586808974,0.969802674901865,0.14138554064189,0.460811217049281,0.340720829323808,0.202588801196304,0.442013545997181,0.570561933508932,0.848728115477,0.174566391786683,0.173562583033376,0.0404435188759399,0.659717513233352,0.774638589285741,0.675401628069335,0.883278303931297,0.840498094540981,0.966926719110959,0.81987138801754,0.79060824668832,0.176664254907289,0.585600975948062,0.308290419787777,0.125028930650116,0.911661952699034,0.784140258436994,0.646208777337722,0.249264894560276,0.403514426723715,1,48,FALSE
"105","3_298_4",0,0.226106323861731,0.103530641540299,0.103530641540299,0.969802674901865,0.26537958324761,0.564358845577868,0.340720829323808,0.202588801196304,0.488785377598346,0.570561933508932,0.848728115477,0.353272734956821,0.559777842873021,0.0404435188759399,0.659717513233352,0.774638589285741,0.675401628069335,0.883278303931297,0.840498094540981,0.964595592361537,0.935059200180088,0.79060824668832,0.176664254907289,0.667406707993894,0.308290419787777,0,0.759648826350975,0.784140258436994,0.646208777337722,0.249264894560276,0.403514426723715,1,48,FALSE
"106","3_315_1",0,0.241613050714685,0.0991607701202549,0.0991607701202549,0.0919419591074208,0.178816830264248,0.49228293801194,1,0.590867721402481,0.296947870852643,0.550301752157207,0.49095251921193,0.0881911292183676,0.00272417144429247,0.0689905586140088,0.93218181084189,0.0215505592139814,0.625533291914729,0.49952552619212,0.331053245570854,0.946931124371968,0.975071562910581,0.668003093278229,0.00254925935722439,0.680805790962837,0.942049254278315,0.462057358832009,0.640856812825496,0.864943120874592,0.740485230880361,0.720371928131776,0.507316035951437,1,48,FALSE
"107","3_329_5",0,0.257613489085889,0.094601765743699,0.094601765743699,1,0.49496953269641,0.675600340343494,0.700106030557172,0.248353987151542,0.199488598040684,0.752795062877096,0.544509904736366,0.530957609124266,0,0.0516683905177587,0.462256860189792,0.556894681220693,0.568636235512834,0.532351701109698,0.946704266574583,0.639407410670216,0.976952840021007,0.919882359503983,0.234640647835525,0.785217130722815,0.258755524645138,0.559626671150911,0.951204680871736,0.891446393779536,0.844659554945518,0.328748188865793,0.418732334488223,1,48,TRUE
"108","3_330_3",0,0.23524535465131,0.0993046772157176,0.0993046772157176,0.868180803529415,0.141364627736772,0.444644042026833,0.0650487222623928,0.405898210358702,0.470982289545071,0.399746072211191,0.865198333016917,0.122689586848987,0.289219166621208,0.468431679068779,0.473754974489295,0.784323044917546,0.696350174136288,0.870629855623663,0.719729354437523,0.87205049498083,0.961888986570375,0.622688668336946,0.216816440530784,0.777402183045648,0.153508051383498,0.353930492098535,0.879782898903283,0.852023012565055,0.782966781058367,0.520375868688666,0.140925658032345,1,48,FALSE
"109","3_348_5",0,0.269151426928151,0.0944861727731978,0.0944861727731978,0.970207933905342,0.344238336554051,0.412667001133451,0.147279692644628,0.66870169290366,0.595993421294856,0.808832430655305,0.521931558874677,0.307922849616185,0.328591725830152,0.102951540249441,0.654982917420957,0,0.536252467244902,0.631797238894104,0.559827805064901,0.789798626409005,0.974130573174688,0.836612041265306,0.0323272479251893,0.453336327616302,0.160974275182838,0.125516259112047,0.945218049100974,0.461778403031156,0.512786650616851,0.985934433731074,0.972850226899913,1,48,FALSE
"110","3_374_6",0,0.237088382390147,0.0974482014888371,0.0974482014888371,0.97175988477858,0.360168374923929,0.819830060823702,0.849828784329016,0.408294249798235,0.324747085431006,0.657054587514198,0.453429713337272,0.748304570284227,0.161647788946379,0,0.890230141538925,0.267188400145307,0.79591283962006,0.372835108097448,0.990495852131634,0.560653658662999,0.972584125327627,0.811133131927962,0.108518165336634,0.868208549938765,0.793806785617429,0.470100162909906,0.816520869190586,0.760980698913653,0.894233104765568,1,0.16557190069569,1,48,FALSE
"111","3_385_1",0,0.260223096847624,0.095150045202957,0.095150045202957,0.717427281394715,0.181544564783263,0.455318365875323,0.0892769689582071,0.491427227838711,0.0765829892034197,0.571130677361067,0.515949438050787,0.0632121880815834,0.0275516963329051,0.464735754279206,0.655466710348503,0.96156825319724,0.798007991371131,0.89449353066523,0.447103784292792,0.973574226690231,0.956608808368517,0.916265131500438,0.105592447718036,0.982318855711235,0.198996518563627,0.296734427802337,0.411345006702191,0.788574843851639,0.696550635828587,0.480194878107503,0.150818353547418,1,48,FALSE
"112","3_397_7",0,0.258521800763542,0.0951535467410303,0.0951535467410303,0.852330933241572,0.181544564783263,0.455318365875323,0.0892769689582071,0.491427227838711,0.0765829892034197,0.571130677361067,0.515949438050787,0.0632121880815834,0.0275516963329051,0.464735754279206,0.655466710348503,0.96156825319724,0.798007991371131,0.89449353066523,0.447103784292792,0.973574226690231,0.956608808368517,0.916265131500438,0.105592447718036,0.982318855711235,0.198996518563627,0.296734427802337,0.411345006702191,0.788574843851639,0.696550635828587,0.480194878107503,0.150818353547418,1,48,FALSE
"113","3_399_7",0,0.225895471548384,0.102986876704131,0.102986876704131,0.76706989419074,0.0104037813557053,0.6723084791984,0.237480405043617,0.517445156654262,0.441718207682574,0.615008673896728,0.770495143534119,0.0848158407475592,0.0421957024605042,0.291328989801082,0.812266995540183,0.766735221146945,0.726524156249759,0.807110109043416,1,0.877730132866012,0.966630635845411,0.388173732554646,0.17676854283016,0.583511557416812,0.443108332727615,0.311023005501969,0.916642067024725,0.914617179014608,0.866749050920129,0.326425614082614,0.397093335606485,1,48,FALSE
"114","3_400_1",0,0.232235227928367,0.0982465955182291,0.0982465955182291,0.687605404498092,0.234592582370547,0.194539111776498,0.147279692644628,0.66870169290366,0.595993421294856,0.549279834096779,0.531635068559817,0.226656624464012,0.219750372658132,0.102951540249441,0.654982917420957,0,0.91710187591043,0.57615416169007,0.967275158377794,1,0.879805573214908,0.836612041265306,0.0323272479251893,0.453336327616302,0.664003672341716,0.411843224089595,0.910932970326147,1,0.512786650616851,0.985934433731074,0.693728076516383,1,48,FALSE
"115","3_402_7",0,0.214689170314563,0.105230677291457,0.105230677291457,0.809448818490468,0.136470148816718,0.325178820421994,0.0304462227913659,0.397919122632916,0.67068132368365,0.633159006155842,0.717508609832043,0.0292693148722885,0.172071297348445,0.68525963272566,0.926968055417699,0.330377288590461,0.402926503414677,0.888516513062685,0.99688478777749,0.967272864863544,0.92856118449092,0.666063857377902,0.222659421777877,0.21989720926049,0.354720179310908,0.233617527524524,0.588111889885934,0.930273182418423,0.640005497981607,0.237031548740926,0.795461406345927,1,48,FALSE
"116","3_404_2",0,0.227783035510108,0.102980141238354,0.102980141238354,0.76706989419074,0.0104037813557053,0.6723084791984,0.237480405043617,0.517445156654262,0.441718207682574,0.615008673896728,0.726178832517646,0.0848158407475592,0.0421957024605042,0.291328989801082,0.812266995540183,0.766735221146945,0.726524156249759,0.846917625511679,1,0.877730132866012,0.966630635845411,0.388173732554646,0.17676854283016,0.583511557416812,0.383011873407745,0.311023005501969,0.916642067024725,0.914617179014608,0.866749050920129,0.326425614082614,0.397093335606485,1,48,FALSE
"117","3_413_1",0,0.2160279368858,0.106079934271019,0.106079934271019,0.796876641724525,0.128311471424009,0.426031799453859,0.89528554229638,0.949683273450142,0.453964820011933,0.746262281857395,0.74366800090007,0.13317906677628,0.204637071037301,0.172120412846787,0.390217833850753,0.458747793508921,0.634560252512601,0.768565607810011,0.670113569365455,0.949805745248817,0.962672845731838,0.252635655225311,0.0348857993466269,0.553553390527697,0.484305797960829,0.424343191368909,0.580364816375726,0.43293552763163,0.960261622150345,0.650350707535121,0.690906699678909,1,48,FALSE
"118","3_414_7",0,0.2037698826277,0.105921090174717,0.105921090174717,0.750742987774595,0.05015097082587,0.584457356739836,0.258259629447192,0.338604878933358,0.24665529572333,0.693727714200884,0.684251725253408,0.183730887082542,0.115593648975693,0.300698534383914,0.67873783854633,0.80918707015523,0.331224177705364,0.847359527209645,0.71016601927808,0.712417964350518,0.971123281251166,0.137458666245063,0.112258729246941,0.665079508847065,0.390680763238313,0.332431669230792,0.785105819610151,0.910007401663555,1,0.00778313660986196,0.444573407731508,1,48,FALSE
"119","3_417_1",0,0.227374814551771,0.102977095416493,0.102977095416493,0.76706989419074,0.0201652766376243,0.6723084791984,0.237480405043617,0.517445156654262,0.441718207682574,0.615008673896728,0.726178832517646,0.0360450441404938,0.0348492944348532,0.291328989801082,0.812266995540183,0.766735221146945,0.726524156249759,0.846917625511679,1,0.930789903893341,0.966630635845411,0.388173732554646,0.17676854283016,0.583511557416812,0.383011873407745,0.337421895618276,0.864783875637531,0.914617179014608,0.866749050920129,0.326425614082614,0.397093335606485,1,48,FALSE
"120","3_422_7",0,0.224034883436409,0.104736343423863,0.104736343423863,0.594467170975622,0.0508689352416001,0.320534364204977,0.268992104966529,0.429161848676618,0.52715534758012,0.632473501602926,0.989514821404541,0.0693091843632554,0.578808331893326,0.372218306818481,0.893385406617132,0.43369370977337,0.563523790730853,0.977526766759332,0.675796055280556,0.912413757766249,0.98310368671707,0.403124155371387,0.176876268720132,0.360248388052962,0.477923140015342,0.332588496109568,0,0.677471896594907,0.762073543399115,0.373784387915293,0.873978046900856,1,48,FALSE
"121","3_427_2",0,0.214943249293019,0.104708588032102,0.104708588032102,0.594467170975622,0.0508689352416001,0.320534364204977,0.268992104966529,0.765440013238003,0.52715534758012,0.632473501602926,0.989514821404541,0.0693091843632554,0.578808331893326,0.372218306818481,0.893385406617132,0.43369370977337,0.563523790730853,0.977526766759332,0.675796055280556,0.912413757766249,0.98310368671707,0.403124155371387,0.0150255488544518,0.360248388052962,0.477923140015342,0.332588496109568,0,0.677471896594907,0.762073543399115,0.373784387915293,0.873978046900856,1,48,FALSE
"122","4_323_1",0,0.1938477450162,0.106919006749324,0.106919006749324,0.667607584881793,0,0.350908123781576,0.0426845507580659,0.793375912404772,0.140229241725941,0.805802294764566,0.921322300573168,0.230097762928548,0.83642799025955,0.966506930256716,0.138662475394976,0.156602947129687,0.413072843097249,0.661443349329792,0.903149184582484,0.829281876636258,0.942944515276691,0.501501674539678,0.0476660812063422,0.701717507097411,0.785445922755455,0.36015599290947,0.979930912897784,0.995804047709262,0.638586247153394,0.360859986045563,0.670444838236157,1,48,FALSE
"123","4_353_3",0,0.247629985643597,0.0962113006616528,0.0962113006616528,0.708003076435371,0.899271090380629,0.83791075484684,0.0573748400074837,0.51385220353313,0.27250506989686,0.548967987223733,0.847086698121962,0.114920272878682,0.175754915028632,0.208217649650678,0.579677187542686,0.158139695884178,0.424087007287997,0.375000507496241,0.880923608238111,0.0974590885672764,0.940984110199016,0.644299406834324,0.212877907379958,0.591772358473196,0.451781804034867,0.790902780039594,0.632642749611421,0.819959570315367,0.936316294556023,0.536640832310188,0.585269853116419,1,48,FALSE
"124","4_379_4",0,0.235330061588214,0.10103688305934,0.10103688305934,0.647956445498475,0.324642296029093,0.203294152236998,0.120420081990386,0.660187179008991,0,0.773370840624043,0.568291105640642,0.0255803773039395,0.662500562059766,0.199424736233222,0.531099232505794,0.0537615431949996,0.471623073799059,0.685078465242057,0.913585965136245,0.846918948029878,0.730851635814392,0.574337882661835,0.0245104147174518,0.711620009382928,0.583220312841181,0.0518356181944627,0.333554611481896,0.970464606067841,0.661963552440423,0.286269022749705,0.824611473406341,1,48,FALSE
"125","4_399_4",0,0.297708998499796,0.0938495028273908,0.0938495028273908,0.580873356340849,0.696537771530584,0.0593348724409682,0.0506632874524603,0.714460211994787,0.339638456069283,0.276333479918733,0.563269907756825,0.217969753203227,0.727002107328643,0.243040349085334,0.689650974604855,0.349257710807704,0.242232087300956,0.309511783706829,0.783170781676635,0.473506164943289,0.630087348173618,0.61060832056984,0.187499156562802,0.461407125657921,0.708642870893437,0.315261096162007,0.445323225921361,0.916277445801137,0.864089965630101,0.326684726769058,0.817759632106249,1,48,FALSE
"126","4_412_3",0,0.299174113195955,0.09379144097248,0.09379144097248,0.580873356340849,0.696537771530584,0.0593348724409682,0.0701298579912284,0.714460211994787,0.339638456069283,0.276333479918733,0.563269907756825,0.217969753203227,0.727002107328643,0.125359041216613,0.689650974604855,0.349257710807704,0.242232087300956,0.309511783706829,0.783170781676635,0.473506164943289,0.630087348173618,0.61060832056984,0.187499156562802,0.461407125657921,0.708642870893437,0.315261096162007,0.445323225921361,0.805808888082671,0.864089965630101,0.326684726769058,0.817759632106249,1,48,FALSE
"127","4_425_5",0,0.204591415335909,0.106663092093377,0.106663092093377,0.569567630113081,0.128260516826041,0.0766879922084667,0.0475726682934056,0.993943942658093,0.203822635263017,0.577505286864245,0.640114241091111,0.00711034458137015,0.963594347735804,0.978827547753905,0.238357664462923,0.308812656114871,0.340138284334993,0.566954128003346,0.804619131151073,0.719299229601174,0.936182236601373,0.551832214059299,0.0278044839736408,0.642500425497562,1,0.0154663274766031,0.900548793203531,0.692610727266184,0.527971998643857,0.125801098284373,0.867979087789258,1,48,FALSE
"128","5_244_2",0,0.235018183251313,0.101671576883646,0.101671576883646,0.920970435448679,0.945551851107553,0.993121804859149,0.0243001994935737,1,0.99245143721668,0.632422147037927,0.640329975192083,0.67805337677029,0.477515064875673,0.0495942374669219,0.417862819095358,0.0773711221325899,0.174471377236415,0.495574386535617,0.758537828722604,0.919915669277816,0.998369971784167,0.586494958123297,0.102660080525712,0.827491089333338,0.950519813086584,0.567468059776737,0.648892194017322,0.900755033374509,0.785889860140111,0.585568546254455,1,1,48,FALSE
"129","5_301_3",0,0.238113725012719,0.100027491677183,0.100027491677183,0.878455223621099,0.517533590602322,0.937664465747847,0.0260583415226016,0.950018550496734,0.653175966981169,0.602483018608177,0.462952453474949,0.815070823373965,0.0623982152663954,0.0313868444913406,0.282165913697041,0.499460348087596,0.713204734584245,0.475240751625494,0.591310802562436,0.919770193597206,0.688840764428018,0.41581051747788,0.214822763324949,0.982001348046889,0.837809732703297,0.288545156788228,0.997291648226859,0.963453693214541,0.713432799095846,0.346338403290379,0.52271050678285,1,48,FALSE
"130","5_340_3",0,0.240430385104893,0.0982496274517747,0.0982496274517747,0.428528292408954,0.562304866974651,0.680133257429997,0.0206811518674076,0.948466771137764,0.811109616601651,0.561672127329035,0.0448164730596966,0.973160080048818,0.347110886413167,0.236516300111208,0.0835704517762034,0.169419553413869,0.425141834991718,0.658177542772806,0.608545687704086,0.917194955969266,0.945026206454764,0.467975895194815,0.165457158420102,0.694893913489705,0.957144875873938,0.110794241424752,0.805598069659295,0.860061057367324,0.821508759186551,0.479273340222875,0.603602279149439,1,48,FALSE
"131","5_381_2",0,0.329625472708861,0.0924432110918113,0.0924432110918113,0.573989240336196,0.0205850106769919,0.102666495028635,0.153285955349419,0.266815068578047,0.63467465624309,0.981584085114976,0.0278288477321357,0.472492877324747,0.84385754975355,0.832719503309333,0.394978585082163,0.292786000673585,0.155149739112761,0,0.265626702525673,0.449631744443059,0.84066636571748,0.798231511866531,0.117808453298044,0.227210138898665,0.906181984523754,0.45171527955107,0.877990872656952,0.634013910203264,0.583344824399317,0.321756946204461,0.268591386772028,3,31,FALSE
"132","5_416_7",0,0.357394262032183,0.091683377094093,0.091683377094093,0.306455061954478,0.0462692031346904,0.158400953725882,0.0777138290629569,0.834865625012932,0.531536735697093,0.565376055826991,0.0545573617959541,0.265930411841076,0.893908764431692,0.309138844638903,0.213149412672176,0.0947089378544003,0.099721969605965,0.155285809603018,0.186662699128098,0.621802528494831,0.926818994070186,0.887649815762481,0.0100079474639198,0.787186674789552,0.224661479283156,0.196956444963262,0.644360822779163,0.0217176407153727,0.562703697380125,0.0563326145183673,0.561280857021742,2,53,FALSE
